<?xml version="1.0" encoding="UTF-8"?>
<project-private xmlns="http://www.netbeans.org/ns/project-private/1">
    <editor-bookmarks xmlns="http://www.netbeans.org/ns/editor-bookmarks/2" lastBookmarkId="0"/>
    <open-files xmlns="http://www.netbeans.org/ns/projectui-open-files/2">
        <group>
            <file>file:/C:/Users/Fernando.Lima/Documents/NetBeansProjects/JogoMemoriaLinguaSinais/src/regras/EstadosBotoes.java</file>
            <file>file:/C:/Users/Fernando.Lima/Documents/NetBeansProjects/JogoMemoriaLinguaSinais/src/telas/TelaPrincipal.java</file>
            <file>file:/C:/Users/Fernando.Lima/Documents/NetBeansProjects/JogoMemoriaLinguaSinais/src/JogoDaMemorialibras/JogoDaMemorialibras.java</file>
            <file>file:/C:/Users/Fernando.Lima/Documents/NetBeansProjects/JogoMemoriaLinguaSinais/src/regras/ControleBotoesSelecionados.java</file>
        </group>
    </open-files>
</project-private>
